{"cameraMode":{"drawMode":0,"name":"Shaded","section":"Shading Mode"},"sceneLighting":false,"audioPlay":false,"sceneViewState":{"showFog":false,"showMaterialUpdate":false,"showSkybox":false,"showFlares":false,"showImageEffects":false,"showParticleSystems":true},"in2DMode":false,"pivot":{"x":-26.553146362304689,"y":-1069.982421875,"z":574.8668212890625},"rotation":{"x":0.5416477918624878,"y":-0.00252169999293983,"z":0.001624997123144567,"w":0.8406002521514893},"size":3330.662353515625,"orthographic":false}