{"cameraMode":{"drawMode":0,"name":"Shaded","section":"Shading Mode"},"sceneLighting":false,"audioPlay":false,"sceneViewState":{"showFog":false,"showMaterialUpdate":false,"showSkybox":false,"showFlares":false,"showImageEffects":false,"showParticleSystems":true},"in2DMode":false,"pivot":{"x":-696.8868408203125,"y":64.577392578125,"z":722.214111328125},"rotation":{"x":-0.31766843795776369,"y":0.16526420414447785,"z":-0.05633029341697693,"w":-0.9319878816604614},"size":3102.120361328125,"orthographic":false}