{"cameraMode":{"drawMode":0,"name":"Shaded","section":"Shading Mode"},"sceneLighting":false,"audioPlay":false,"sceneViewState":{"showFog":false,"showMaterialUpdate":false,"showSkybox":false,"showFlares":false,"showImageEffects":false,"showParticleSystems":true},"in2DMode":false,"pivot":{"x":-2250.536865234375,"y":220.99139404296876,"z":-148.94564819335938},"rotation":{"x":-0.28021904826164248,"y":0.3700971305370331,"z":-0.11814452707767487,"w":-0.8778082728385925},"size":4626.54345703125,"orthographic":false}