{"cameraMode":{"drawMode":0,"name":"Shaded","section":"Shading Mode"},"sceneLighting":false,"audioPlay":false,"sceneViewState":{"showFog":false,"showMaterialUpdate":false,"showSkybox":false,"showFlares":false,"showImageEffects":false,"showParticleSystems":true},"in2DMode":false,"pivot":{"x":-1352.297607421875,"y":278.0843505859375,"z":-45.279052734375},"rotation":{"x":-0.3795921504497528,"y":-0.4296710789203644,"z":0.20565040409564973,"w":-0.793095588684082},"size":2569.057373046875,"orthographic":false}